DROP TABLE ISTAKEN;
DROP TABLE BUY;
DROP TABLE CONTAIN;
DROP TABLE EMPLOYEE;
DROP TABLE PHARMACY;
DROP TABLE PRESCRIPTION;
DROP TABLE PATIENT;
DROP TABLE STOCK;
DROP TABLE PRODUCT;
DROP TABLE SUPPLIER;
DROP TABLE DOCTOR;

CREATE TABLE  PHARMACY 
   (	
    GLN NUMBER(13,0) NOT NULL ENABLE, 
	PHAR_NAME VARCHAR2(20) NOT NULL ENABLE, 
	PHAR_OWNER VARCHAR2(20) NOT NULL ENABLE, 
	PHAR_PHONE VARCHAR2(25) NOT NULL ENABLE, 
	PHAR_ADDRESS VARCHAR2(120) NOT NULL ENABLE, 
	PHAR_LICENCE VARCHAR2(10) NOT NULL ENABLE, 
	PHAR_LICENCE_DATE DATE NOT NULL ENABLE, 
	 CONSTRAINT PHARMACY_PK PRIMARY KEY (GLN)
  USING INDEX  ENABLE
   );
   
INSERT INTO PHARMACY VALUES(8680001143504, 'FARUK ECZANESİ', 'FARUK CANDAN', '0232 564 79 20','İnonu Cad. Muammer Akar Mah. No:8 Güzelbahçe/İZMİR','148/60',TO_DATE('15-DEC-2001', 'DD-MON-YYYY')); 
CREATE TABLE  EMPLOYEE 
   (	
    EMP_ID NUMBER(11,0), 
	EMP_NAME VARCHAR2(25) NOT NULL ENABLE, 
	EMP_SURNAME VARCHAR2(25) NOT NULL ENABLE, 
	EMP_MAN_ID NUMBER(11,0), 
	EMP_EMAIL VARCHAR2(50), 
	EMP_ADDRESS VARCHAR2(100) NOT NULL ENABLE, 
	EMP_PHONE VARCHAR2(25), 
	EMP_SALARY NUMBER(6,0) NOT NULL ENABLE, 
    HIREDATE DATE,
	GLN NUMBER(13,0) NOT NULL ENABLE, 
	 CONSTRAINT EMPLOYEE_PK PRIMARY KEY (EMP_ID)
  USING INDEX  ENABLE
   );
   

ALTER TABLE  EMPLOYEE ADD CONSTRAINT EMPLOYEE_CON FOREIGN KEY (EMP_MAN_ID)
	  REFERENCES  EMPLOYEE (EMP_ID) ENABLE;

ALTER TABLE  EMPLOYEE ADD CONSTRAINT EMPLOYEE_FK FOREIGN KEY (GLN)
	  REFERENCES  PHARMACY (GLN) ON DELETE CASCADE ENABLE;

INSERT INTO EMPLOYEE VALUES(12345678910, 'SELEN', 'YUMLU', NULL,'selenyumluu@gmail.com','Gülbahçe cad. Gülbahçe mah. no:2 Urla/İZMİR','0554 290 83 68',15000,
                       TO_DATE('17-DEC-2001', 'DD-MON-YYYY'),8680001143504);
INSERT INTO EMPLOYEE VALUES(20456712893, 'FEYZA', 'DOĞAN', 12345678910,'feyzadogan@gmail.com','Orkide mah. Bornova sok. No:3 D:3 Alsancak/İZMİR','0505 789 63 41',3000,
                       TO_DATE('17-DEC-2001', 'DD-MON-YYYY'),8680001143504);
INSERT INTO EMPLOYEE VALUES(98765432112, 'SAMET', 'ÇALIŞKAN', 12345678910,'sametcalıs@gmail.com','Derya cad. Ulu mah. NO:64 Bornova/İZMİR','0557 892 25 76',2500,
                       TO_DATE('26-FEB-2003', 'DD-MON-YYYY'),8680001143504);
INSERT INTO EMPLOYEE VALUES(35095780705, 'NECATİ', 'AKBAŞOĞLU', 12345678910,'necatiakbasoglu@gmail.com','Fuat Edip Baksi mah. no:18 d:2 Karşıyaka/İZMİR','0507 657 23 13',2500,
                       TO_DATE('3-APR-2008', 'DD-MON-YYYY'),8680001143504);

CREATE TABLE  DOCTOR 
   (	
    DR_ID NUMBER(11,0) NOT NULL ENABLE, 
	DR_NAME VARCHAR2(25) NOT NULL ENABLE, 
	DR_SURNAME VARCHAR2(25) NOT NULL ENABLE,
    DR_DIPLOMANO NUMBER,
    DR_MAJOR VARCHAR2(100), 
	DR_LOCATION VARCHAR2(100) NOT NULL ENABLE,
    CONSTRAINT DOCTOR_PK PRIMARY KEY (DR_ID)
  USING INDEX  ENABLE
   );
INSERT INTO DOCTOR VALUES(11003957923,'HÜLYA', 'GÜNÖZ', 26755,'Çocuk Sağlığı ve Hastalıkları','Karabağlar Mahallesi Atatürk Eğitim ve Araştırma Hastanesi Basın Sitesi Karabağlar/İzmir');
INSERT INTO DOCTOR VALUES(33335557892,'ÖZGÜR','FIRAT', 567854, 'Genel Cerrahi', 'Kazımdirik Mahallesi Üniversite Cd. No:9 Bornova/İzmir');
INSERT INTO DOCTOR VALUES(11115557892, 'SELMA', 'ÇAVUŞ', 89226, 'Enfeksiyon Hastalıkları', 'İnciraltı Mahallesi, Mithatpaşa Cd. İnciraltı yerleşkesi No:1606 Narlıdere/Balçova/İzmir');
INSERT INTO DOCTOR VALUES(44445557892, 'ORÇUN', 'PEHLİVAN',567895 , 'Göz Hastalıkları', 'Torasan Mh. Özbek Yolu Cd. No:15 Urla/İzmir');
INSERT INTO DOCTOR VALUES(55555557892, 'SERAP', 'GÜNDOĞAN', 65978, 'Aile Hekimliği', 'Ali Fuat Cebesoy Mahallesi 9135/4. Sk. No:4 Karabağlar/İzmir');
INSERT INTO DOCTOR VALUES(66665557892, 'EDİZ', 'YILDIRIM',63957 , 'Aile Hekimliği', 'İnciraltı Mahallesi Mithatpaşa Cd. İnciraltı yerleşkesi No:1606 Narlıdere/Balçova/İzmir');
INSERT INTO DOCTOR VALUES(77775557892, 'ARİF', 'YÜKSEL', 567992, 'Aile Hekimliği', 'Bozyaka Mahallesi, Saim Çıkrıkçı Cad. No:59, 35170 Karabağlar/İzmir');
INSERT INTO DOCTOR VALUES(22225557892, 'ELİF', 'UZUN', 567623 , 'Kulak Burun Boğaz Hastalıkları', 'Torasan Mh. Özbek Yolu Cd. No:15 Urla/İzmir');
INSERT INTO DOCTOR VALUES(88885557892, 'TOLGA', 'GÜNVAR', 56788 , 'Aile Hekimliği', 'İnciraltı Mahallesi Mithatpaşa Cd. İnciraltı yerleşkesi No:1606 Narlıdere/Balçova/İzmir');
INSERT INTO DOCTOR VALUES(99995557892, 'GÜNSELİ', 'ÖZTÜRK', 2345578 , 'Dermatoloji', 'Kazımdirik Mahallesi Üniversite Cd. No:9 Bornova/İzmir');


CREATE TABLE  SUPPLIER 
   (	
    SUP_ID NUMBER NOT NULL ENABLE, 
	SUP_NAME VARCHAR2(50) NOT NULL ENABLE, 
	SUP_ADDRESS VARCHAR2(120) NOT NULL ENABLE, 
	SUP_PHONE VARCHAR2(20), 
	 CONSTRAINT SUPPLIER_PK PRIMARY KEY (SUP_ID)
  USING INDEX  ENABLE
   );

INSERT INTO SUPPLIER VALUES (1,'SELÇUK ECZA','Egemenlik Mah. Kemalpaşa Cad. No:246 Işıkkent 35070 Bornova - İzmir',' 0232 498 85 00');
INSERT INTO SUPPLIER VALUES (2, 'EDAK ECZA', ' Karacaoğlan Mahallesi 6173 Sokak NO:4 Işıkkent Bornova-İZMİR','0232 488 19 19');
INSERT INTO SUPPLIER VALUES (3, 'HEDEF ECZA','Kemalpaşa Mahallesi, 7401. Sk. No:3, 35080 Bornova/İzmir' ,'0232 262 57 57');
INSERT INTO SUPPLIER VALUES (4, 'YILDIZ ECZA', 'Karacaoğlan Mahallesi, Işıkkent Köprüsü 30/C, 35070 Bornova/İzmir','0232 472 23 01');
INSERT INTO SUPPLIER VALUES (5, 'AS ECZA', 'Seyhan, 625. Sk. 27 A, 35380 Buca/İzmir','0232 298 40 00');
INSERT INTO SUPPLIER VALUES (6, 'DİLEK ECZA' ,'Korutürk Mahallesi, Şimşek Sok. No:47, 35330 Balçova/İzmir', '0232 278 54 34');


CREATE TABLE  PATIENT 
   (	
    PAT_ID NUMBER(11,0) NOT NULL ENABLE, 
	PAT_NAME VARCHAR2(25) NOT NULL ENABLE, 
	PAT_SURNAME VARCHAR2(25) NOT NULL ENABLE, 
	PAT_BIRTHDATE DATE, 
	PAT_GENRE VARCHAR2(1) NOT NULL ENABLE, 
	PAT_PHONE VARCHAR2(20), 
	PAT_ADDRESS VARCHAR2(100) NOT NULL ENABLE, 
	 CONSTRAINT PATIENT_PK PRIMARY KEY (PAT_ID)
  USING INDEX  ENABLE
   );
INSERT INTO PATIENT VALUES (12121278945,'GÖZDE','CİHAN',TO_DATE('7-FEB-1987', 'DD-MON-YYYY'),'F','0554 897 48 63','Asıl Mahallesi, Mithatpaşa Cd. No:886 D:3 Karabağlar/İZMİR');
INSERT INTO PATIENT VALUES (23232345693,'ALİ','KASAPOĞLU',TO_DATE('18-OCT-1963', 'DD-MON-YYYY'),'M','0505 742 43 65','Çukur Mahallesi, Galip Cd. No:23 D:8 Bornova/İZMİR');
INSERT INTO PATIENT VALUES (26842684225,'SEVDA','ALPKAN',TO_DATE('5-APR-1979', 'DD-MON-YYYY'),'F','0541 647 38 63','Lale Mahallesi, Hatay Cd. No:46 D:3 Konak/İZMİR');
INSERT INTO PATIENT VALUES (14521452145,'ÇİĞDEM','ÖNSÖZ',TO_DATE('23-DEC-1986', 'DD-MON-YYYY'),'F','0553 641 46 41','Altıntaş Mahallesi, Necati Cumalı Cd. No:31 D:7 Urla/İZMİR');
INSERT INTO PATIENT VALUES (12121289568,'MEHMET','BALDÖKEN',TO_DATE('19-NOV-1969', 'DD-MON-YYYY'),'M','0507 146 93 73','Atatürk Mahallesi, Mithatpaşa Cd.  No:807 D:1 Güzelbahçe/İZMİR');
INSERT INTO PATIENT VALUES (56787926345,'OKAN','TOPRAK',TO_DATE('1-OCT-1995', 'DD-MON-YYYY'),'M','0546 613 40 00','Alsancak Mahallesi, Ali Çetinkaya Blv 27/C 35220 Konak/İzmir');
INSERT INTO PATIENT VALUES (95868482801,'AYŞE','SAYRAN',TO_DATE('8-SEP-1981', 'DD-MON-YYYY'),'F','0507 896 86 63-8','Yalı Mahallesi, 6472. Sk. 12/B 35550 Aosb/Karşıyaka/İzmir');
INSERT INTO PATIENT VALUES (46868925793,'SERKAN','PORTAKAL',TO_DATE('12-JAN-1983', 'DD-MON-YYYY'),'M','0550 325 47 03','Menderes Mahallesi, Menderes Cd. No:503 D:9 Buca/İZMİR');
INSERT INTO PATIENT VALUES (11234566352,'AYPERİ','GÜLGEÇ',TO_DATE('3-DEC-1974', 'DD-MON-YYYY'),'F','0503 567 88 46','Yalı Mahallesi, Mithatpaşa Cd. No:156 D:3 Güzelbahçe/İZMİR');
INSERT INTO PATIENT VALUES (78956348923,'KAZIM','GÜRMEN',TO_DATE('8-MAY-1962', 'DD-MON-YYYY'),'M','0555 539 23 25','Çamlı Mahallesi, Mithatpaşa Cd. No:631 D:6 Güzelbahçe/İZMİR');
INSERT INTO PATIENT VALUES (78454685231,'BELİZ','DERVİŞ',TO_DATE('17-SEP-1997', 'DD-MON-YYYY'),'F','0554 793 71 96','Yeniköy Mahallesi, Doğan Bursalıoğlu Cd. No:708 D:5 Torbalı/İZMİR');
INSERT INTO PATIENT VALUES (12056489674,'İHSAN','BAKIR',TO_DATE('30-JUN-1979', 'DD-MON-YYYY'),'M','0506 967 76 05','İsmet Kaptan Mahallesi, Fevzipaşa Blv No:83 D:11 Konak/İZMİR');
INSERT INTO PATIENT VALUES (12121278946,'FERDA','KOBAL',TO_DATE('26-FEB-1955', 'DD-MON-YYYY'),'F',NULL,'Beyazevler Mahallesi, Akçay Cd. No:97 D:8 Gaziemir/İZMİR');
INSERT INTO PATIENT VALUES (10120245687,'PELİN','IŞIK',TO_DATE('3-MAY-1988', 'DD-MON-YYYY'),'F','0505 220 26 51','Atatürk Mahallesi, Mithatpaşa Cd. No:45 D:6 Güzelbahçe/İZMİR');
INSERT INTO PATIENT VALUES (23564778945,'NİHAT','TANFER',TO_DATE('4-NOV-1967', 'DD-MON-YYYY'),'M','0555 111 30 11','Çelebi Mahallesi, Mithatpaşa Cd. No:23 D:4 Güzelbahçe/İZMİR');

CREATE TABLE  PRESCRIPTION 
   (
    PRE_ID VARCHAR2(6) NOT NULL ENABLE, 
	PRE_DATE DATE NOT NULL ENABLE, 
	PRE_TYPE VARCHAR2(25) NOT NULL ENABLE,
    PAT_ID NUMBER(11,0) NOT NULL ENABLE,
    DR_ID NUMBER(11,0) NOT NULL ENABLE,
	 CONSTRAINT PRESCRIPTION_PK PRIMARY KEY (PRE_ID)
  USING INDEX  ENABLE
   );
   
ALTER TABLE  PRESCRIPTION ADD CONSTRAINT PRESCRIPTION_FK_PAT FOREIGN KEY (PAT_ID)
	  REFERENCES  PATIENT (PAT_ID) ENABLE ;
      
ALTER TABLE  PRESCRIPTION ADD CONSTRAINT PRESCRIPTION_FK_DR FOREIGN KEY (DR_ID)
	  REFERENCES  DOCTOR (DR_ID) ENABLE   ;   
      
      
INSERT INTO PRESCRIPTION VALUES ('HF7768',TO_DATE('1-DEC-2017', 'DD-MON-YYYY'),'BEYAZ',12121278945,11003957923);     
INSERT INTO PRESCRIPTION VALUES ('HFBUH1',TO_DATE('2-DEC-2017', 'DD-MON-YYYY'),'BEYAZ',23232345693,33335557892);
INSERT INTO PRESCRIPTION VALUES ('HFDDWT',TO_DATE('3-DEC-2017', 'DD-MON-YYYY'),'BEYAZ',26842684225,11115557892);
INSERT INTO PRESCRIPTION VALUES ('HFK55L',TO_DATE('3-DEC-2017', 'DD-MON-YYYY'),'KIRMIZI',14521452145,44445557892);      
INSERT INTO PRESCRIPTION VALUES ('HFKQ8D',TO_DATE('4-DEC-2017', 'DD-MON-YYYY'),'YEŞİL',12121289568,55555557892);     
INSERT INTO PRESCRIPTION VALUES ('HFL698',TO_DATE('5-DEC-2017', 'DD-MON-YYYY'),'BEYAZ',56787926345,66665557892);      
INSERT INTO PRESCRIPTION VALUES ('HFLIAD',TO_DATE('6-DEC-2017', 'DD-MON-YYYY'),'BEYAZ',95868482801,77775557892);
INSERT INTO PRESCRIPTION VALUES ('HFLYYJ',TO_DATE('7-DEC-2017', 'DD-MON-YYYY'),'TURUNCU',46868925793,22225557892);
INSERT INTO PRESCRIPTION VALUES ('HFM7D9',TO_DATE('8-DEC-2017', 'DD-MON-YYYY'),'BEYAZ',11234566352,11115557892);
INSERT INTO PRESCRIPTION VALUES ('HFP920',TO_DATE('9-DEC-2017', 'DD-MON-YYYY'),'BEYAZ',78956348923,33335557892);
INSERT INTO PRESCRIPTION VALUES ('HFS8JG',TO_DATE('9-DEC-2017', 'DD-MON-YYYY'),'YEŞİL',12056489674,77775557892);   
INSERT INTO PRESCRIPTION VALUES ('HFSRPN',TO_DATE('10-DEC-2017', 'DD-MON-YYYY'),'MOR',12121278946,66665557892);
INSERT INTO PRESCRIPTION VALUES ('HFTP1D',TO_DATE('10-DEC-2017', 'DD-MON-YYYY'),'BEYAZ',10120245687,44445557892);
INSERT INTO PRESCRIPTION VALUES ('HFV6J6',TO_DATE('11-DEC-2017', 'DD-MON-YYYY'),'BEYAZ',23564778945,11115557892);
INSERT INTO PRESCRIPTION VALUES ('HFVZN5',TO_DATE('11-DEC-2017', 'DD-MON-YYYY'),'MOR',78454685231,88885557892);
INSERT INTO PRESCRIPTION VALUES ('HFWLPX',TO_DATE('12-DEC-2017', 'DD-MON-YYYY'),'BEYAZ',12121278945,55555557892);
INSERT INTO PRESCRIPTION VALUES ('HFXN5X',TO_DATE('12-DEC-2017', 'DD-MON-YYYY'),'BEYAZ',23232345693,99995557892);
INSERT INTO PRESCRIPTION VALUES ('HG01CT',TO_DATE('13-DEC-2017', 'DD-MON-YYYY'),'TURUNCU',26842684225,77775557892);
INSERT INTO PRESCRIPTION VALUES ('HG04S1',TO_DATE('14-DEC-2017', 'DD-MON-YYYY'),'BEYAZ',14521452145,44445557892);
INSERT INTO PRESCRIPTION VALUES ('HGB9LM',TO_DATE('14-DEC-2017', 'DD-MON-YYYY'),'BEYAZ',12121289568,33335557892);
INSERT INTO PRESCRIPTION VALUES ('HGC9MT',TO_DATE('15-DEC-2017', 'DD-MON-YYYY'),'TURUNCU',56787926345,22225557892);
INSERT INTO PRESCRIPTION VALUES ('HGG03M',TO_DATE('15-DEC-2017', 'DD-MON-YYYY'),'MOR',95868482801,88885557892);
INSERT INTO PRESCRIPTION VALUES ('HGW45J',TO_DATE('16-DEC-2017', 'DD-MON-YYYY'),'KIRMIZI',46868925793,11115557892);
INSERT INTO PRESCRIPTION VALUES ('HGX69Y',TO_DATE('17-DEC-2017', 'DD-MON-YYYY'),'BEYAZ',11234566352,55555557892);
INSERT INTO PRESCRIPTION VALUES ('HGX99W',TO_DATE('17-DEC-2017', 'DD-MON-YYYY'),'MOR',78956348923,99995557892);


CREATE TABLE  PRODUCT 
   (	
    PRD_BARCODE NUMBER(13,0) NOT NULL ENABLE, 
	PRD_NAME VARCHAR2(50) NOT NULL ENABLE, 
	PRD_TYPE VARCHAR2(20) NOT NULL ENABLE,
    PRD_COMPANY_NAME VARCHAR2(100),   
	PRD_SELLING_PRICE NUMBER(7,3) NOT NULL ENABLE, 
    PRD_BUYING_PRICE NUMBER(7,3) NOT NULL ENABLE,
    PRD_GOVERMENT_SUPPORT NUMBER(7,3),   
	PRD_EXPIRATION DATE NOT NULL ENABLE,  
	CONSTRAINT PRODUCT_PK PRIMARY KEY (PRD_BARCODE)
  USING INDEX  ENABLE
   );
      
INSERT INTO PRODUCT VALUES(8699556691750,'%5 DEKSTROZ SUDA SOL 1000 ML MEDIFLEKS SETSIZ','SERUM','ECZACIBASI BAXTER',6.53,5.22,6.53,TO_DATE('4-MAR-2018', 'DD-MON-YYYY'));
INSERT INTO PRODUCT VALUES(8697512322878,'ACTUAL YETİŞKİN HASTA BEZİ','İTRİYAT','ECZACIBASI BAXTER',40,32,40,TO_DATE('14-NOV-2020', 'DD-MON-YYYY'));
INSERT INTO PRODUCT VALUES(8699552030058,'DIAMICRON MR 30 MG 30 TABLET','İLAÇ','SERVIER ILAC',10,7.76,10,TO_DATE('17-MAY-2018', 'DD-MON-YYYY'));
INSERT INTO PRODUCT VALUES(8699786770201,'CITANEST %2 20 ML 1 FLAKON','İLAÇ','ASTRA ZENECA',6.4,7.76,10,TO_DATE('18-NOV-2018', 'DD-MON-YYYY'));
INSERT INTO PRODUCT VALUES(8699514091813,'CITOL 20 MG 28 FILM TABLET','İLAÇ','ABDI IBRAHIM',11.3,6.35,10.17,TO_DATE('19-NOV-2019', 'DD-MON-YYYY'));
INSERT INTO PRODUCT VALUES(8699514091820,'CITOL 20 MG 56 FILM TABLET','İLAÇ','ABDI IBRAHIM',22.52,12.65,16.21,TO_DATE('21-NOV-2019', 'DD-MON-YYYY'));
INSERT INTO PRODUCT VALUES(8699514091837,'CITOL 40 MG 28 FILM TABLET','İLAÇ','ABDI IBRAHIM',22.52,12.65,16.21,TO_DATE('21-NOV-2019', 'DD-MON-YYYY'));
INSERT INTO PRODUCT VALUES(8699514090199,'CITOL 40 MG 56 FILM TABLET','İLAÇ','ABDI IBRAHIM',44.92,19.45,28.52,TO_DATE('22-NOV-2018', 'DD-MON-YYYY'));
INSERT INTO PRODUCT VALUES(8699514096375,'CITOLES 10 MG 28 FILM TABLET','İLAÇ','ABDI IBRAHIM',14.22,7.58,11.66,TO_DATE('22-MAY-2021', 'DD-MON-YYYY'));
INSERT INTO PRODUCT VALUES(8699514090922,'CITOLES 10 MG 56 FILM TABLET','İLAÇ','ABDI IBRAHIM',30.43,12.48,19.32,TO_DATE('20-MAY-2021', 'DD-MON-YYYY'));
INSERT INTO PRODUCT VALUES(8699514096382,'CITOLES 20 MG 28 FILM TABLET','İLAÇ','ABDI IBRAHIM',17.64,9.4,14.46,TO_DATE('19-MAY-2021', 'DD-MON-YYYY'));
INSERT INTO PRODUCT VALUES(8699514090939,'CITOLES 20 MG 56 FILM TABLET','İLAÇ','ABDI IBRAHIM',38.65,15.95,24.54,TO_DATE('19-MAY-2021', 'DD-MON-YYYY'));
INSERT INTO PRODUCT VALUES(8699532351869,'DERMO-TROSYD %1 20 G KREM','İLAÇ','PFIZER',7.74,6.03,7.74,TO_DATE('11-FEB-2017', 'DD-MON-YYYY'));
INSERT INTO PRODUCT VALUES(8693239221159,'DETAN SİNEKKIRAN 275 ML AEROSOL','MEDİKAL','CINAY KIMYA',9,5.64,9,TO_DATE('12-FEB-2017', 'DD-MON-YYYY'));
INSERT INTO PRODUCT VALUES(8699510611107,'DEXA-SINE %0.1 5 ML GOZ DAMLASI','İLAÇ','LIBA',10.25,7.99,10.25,TO_DATE('13-FEB-2017', 'DD-MON-YYYY'));
INSERT INTO PRODUCT VALUES(8699976020864,'DEXDAY 50 MG 30 EFERVESAN TABLET','İLAÇ','SALUTIS',23.15,11.2,14.58,TO_DATE('14-FEB-2017', 'DD-MON-YYYY'));
INSERT INTO PRODUCT VALUES(8681094020437,'DEXPLUS 25/4 MG 20 EFERVESAN TABLET','İLAÇ','VITALIS SAGLIK',18.25,10.24,13.14,TO_DATE('15-FEB-2017', 'DD-MON-YYYY'));
INSERT INTO PRODUCT VALUES(8699552030089,'DIAMICRON MR 60 MG 60 TABLET','İLAÇ','SERVIER ILAC',17.9,12.57,16.11,TO_DATE('16-FEB-2017', 'DD-MON-YYYY'));
INSERT INTO PRODUCT VALUES(8699535890037,'GLISERIN KANSUK-K 1400 MG 10 SUPOZITUVAR','İLAÇ','KANSUK',3.19,2.47,3.19,TO_DATE('23-JUL-2021', 'DD-MON-YYYY'));
INSERT INTO PRODUCT VALUES(6729357900510,'HELLO KITTY KAPAKLI DIS FIRCASI','SARF MALZEME','ACTAVIS',10,6.14,0,TO_DATE('25-JUL-2024', 'DD-MON-YYYY'));
INSERT INTO PRODUCT VALUES(9062300120506,'HIPP NATAL EMZIREN ANNE CAYI','İTRİYAT','ACTAVIS',27,21.14,0,TO_DATE('28-JUL-2020', 'DD-MON-YYYY'));
INSERT INTO PRODUCT VALUES(8699708751530,'AKINETON 5 MG/ML 1 ML 5 AMPUL','İLAÇ','ASSOS',11.9,9.52,11.9,TO_DATE('4-JUN-2017', 'DD-MON-YYYY'));
INSERT INTO PRODUCT VALUES(6544449000340,'ANJUAKET SARI 24 BD','İLAÇ','ASSOS',2,1.6,2,TO_DATE('14-JUN-2021', 'DD-MON-YYYY'));
INSERT INTO PRODUCT VALUES(8697901150457,'APRIL YAL EMZ KEL.DAM NO:2 045','İLAÇ','ASSOS',7,5.6,7,TO_DATE('18-AUG-2021', 'DD-MON-YYYY'));
INSERT INTO PRODUCT VALUES(8699569090021,'APROL 275 MG 10 FILM TABLET','İLAÇ','BILIM',3.14,2.512,2.94,TO_DATE('13-AUG-2018', 'DD-MON-YYYY'));
INSERT INTO PRODUCT VALUES(8699745006815,'APTAMIL BALLI IRMIKLI 250GR','İLAÇ','BILIM',9,7.2,9,TO_DATE('29-MAR-2020', 'DD-MON-YYYY'));
INSERT INTO PRODUCT VALUES(8710103552628,'AVENT YAL EMZ 6-18 ORTODO.2628','İLAÇ','BILIM',24,19.2,24,TO_DATE('29-JUN-2019', 'DD-MON-YYYY'));
INSERT INTO PRODUCT VALUES(8680833010173,'AYRA 16 MG 90 TABLET','İLAÇ','SANOVEL',24,19.2,24,TO_DATE('29-JUN-2019', 'DD-MON-YYYY'));
INSERT INTO PRODUCT VALUES(8692241023126,'PUFFİX SÜNNET KÜLODU M','İTRİYAT','KURTSAN GIDA',13,7.46,13,TO_DATE('15-MAY-2020','DD-MON-YYYY'));
INSERT INTO PRODUCT VALUES(8699540040151,'PULCET 40 MG 14 ENTERIK KAPLI TABLET','İLAÇ','NOBEL',13.05,8.3,10.7,TO_DATE('25-JUN-2021','DD-MON-YYYY'));
INSERT INTO PRODUCT VALUES(8699540040168,'PULCET 40 MG 28 ENTERIK TABLET','İLAÇ','NOBEL',26.01,13.39,18.73,TO_DATE('15-MAY-2022','DD-MON-YYYY'));
INSERT INTO PRODUCT VALUES(8699786520011,'PULMICORT NEBULIZER 0.25 MG/ML 2 ML 20 AMPUL','İLAÇ','STRA ZENECA',30.63,16.94,22.05,TO_DATE('1-MAY-2022','DD-MON-YYYY'));
INSERT INTO PRODUCT VALUES(8699786520028,'PULMICORT NEBULIZER 0.5 MG/ML 2 ML 20 AMPUL','İLAÇ','ASTRA ZENECA',43.52,24.32,31.33,TO_DATE('5-MAY-2022','DD-MON-YYYY'));
INSERT INTO PRODUCT VALUES(8699527575287,'PULMISTAT 7,5 MG/5 ML SURUP 100 ML','İLAÇ','SANTA FARMA',8.12,2.59,8.12,TO_DATE('15-NOV-2018','DD-MON-YYYY'));
INSERT INTO PRODUCT VALUES(8699527575300,'PULMISTAT FORT 22,5 MG/ 5 ML SURUP 100 ML','İLAÇ','SANTA FARMA',11.9,8.43,11.9,TO_DATE('9-FEB-2019','DD-MON-YYYY'));
INSERT INTO PRODUCT VALUES(8699527574389,'PULMOREST 30 MG/5 ML 150 ML SURUP','İLAÇ','SANTA FARMA',6.22,3.47,6.22,TO_DATE('12-FEB-2019','DD-MON-YYYY'));
INSERT INTO PRODUCT VALUES(8699559210033,'PURINOL EFERVESAN 70 G GRANUL','İLAÇ','RECORDATI',6.5,5.06,6.5,TO_DATE('23-JUN-2018','DD-MON-YYYY'));
INSERT INTO PRODUCT VALUES(8699546090068,'QLAIRISTA 28 FILM KAPLI TABLET','PASİF İLAÇ','BAYER DERMA',38.58,30.08,38.58,TO_DATE('14-JUN-2018','DD-MON-YYYY'));
INSERT INTO PRODUCT VALUES(8697722038606,'QLIFE AGDA BEZI 10 MT.','İTRİYAT','BAYER DERMA',4.03,2.39,4.03,TO_DATE('16-JUN-2019','DD-MON-YYYY'));
INSERT INTO PRODUCT VALUES(8699525095664,'QUET 150 MG 30 FILM TABLET','İLAÇ','DEVA HOLDING',50.47,22.68,36.34,TO_DATE('16-MAY-2018','DD-MON-YYYY'));
INSERT INTO PRODUCT VALUES(8680881043505,'RABBY-D 10 MG 28 ENTERIK KAPLI TABLET','İLAÇ','MENTIS',29.39,16.25,21.16,TO_DATE('12-DEC-2018','DD-MON-YYYY'));
INSERT INTO PRODUCT VALUES(8690784131605,'RAID KARINCA YEMI 2LI','MEDİKAL','MENTIS',15,11.08,15,TO_DATE('13-DEC-2018','DD-MON-YYYY'));
INSERT INTO PRODUCT VALUES(8699525091147,'RANITAB 150 MG 60 FILM TABLET','İLAÇ','DEVA HOLDING',10.25,7.87,10.25,TO_DATE('1-FEB-2019','DD-MON-YYYY'));
INSERT INTO PRODUCT VALUES(8699293043799,'RAZOGEN 20 MG 28 ENTERIK KAPLI TABLET','İLAÇ','GENERICA',25.94,9.71,18.68,TO_DATE('5-FEB-2019','DD-MON-YYYY'));
INSERT INTO PRODUCT VALUES(8699265250026,'REFLOR 250 MG LIYOFILIZE TOZ ICEREN 10 SASE','OTC','GENERICA',26.24,17.84,26.24,TO_DATE('28-FEB-2019','DD-MON-YYYY'));
INSERT INTO PRODUCT VALUES(8699265150012,'REFLOR 250 MG 10 KAPSUL','OTC','BIOCODEX ILAC',26.24,17.06,26.24,TO_DATE('28-MAR-2019','DD-MON-YYYY'));
INSERT INTO PRODUCT VALUES(8699546027361,'REDOXON CINKO 20 EFERVESAN TABLET','OTC','BAYER DERMA',29.9,22.97,29.9,TO_DATE('12-APR-2019','DD-MON-YYYY'));



CREATE TABLE ISTAKEN
   (
    IT_ID NUMBER NOT NULL ENABLE,
    SUP_ID NUMBER(11,0) NOT NULL ENABLE, 
	PRD_BARCODE NUMBER(13,0) NOT NULL ENABLE, 
	IT_DATE DATE NOT NULL ENABLE, 
	IT_AMOUNT NUMBER NOT NULL ENABLE,
    CONSTRAINT ISTAKEN_PK PRIMARY KEY (IT_ID)
    USING INDEX  ENABLE
   );
   
ALTER TABLE  ISTAKEN ADD CONSTRAINT ISTAKEN_PRD_FK FOREIGN KEY (PRD_BARCODE)
	  REFERENCES  PRODUCT (PRD_BARCODE) ENABLE;
      
ALTER TABLE  ISTAKEN ADD CONSTRAINT ISTAKEN_SUP_FK FOREIGN KEY (SUP_ID)
	  REFERENCES  SUPPLIER (SUP_ID) ENABLE;

INSERT INTO ISTAKEN VALUES(1,1,8699546027361,TO_DATE('12-DEC-2017','DD-MON-YYYY'),23);
INSERT INTO ISTAKEN VALUES(2,2,8699265150012,TO_DATE('12-DEC-2017','DD-MON-YYYY'),18);
INSERT INTO ISTAKEN VALUES(3,1,8699265250026,TO_DATE('13-DEC-2017','DD-MON-YYYY'),10);
INSERT INTO ISTAKEN VALUES(4,3,8699293043799,TO_DATE('13-DEC-2017','DD-MON-YYYY'),15);
INSERT INTO ISTAKEN VALUES(5,5,8699525091147,TO_DATE('12-DEC-2017','DD-MON-YYYY'),25);
INSERT INTO ISTAKEN VALUES(6,6,8690784131605,TO_DATE('12-DEC-2017','DD-MON-YYYY'),20);
INSERT INTO ISTAKEN VALUES(7,2,8680881043505,TO_DATE('10-DEC-2017','DD-MON-YYYY'),19);
INSERT INTO ISTAKEN VALUES(8,3,8699525095664,TO_DATE('11-DEC-2017','DD-MON-YYYY'),17);
INSERT INTO ISTAKEN VALUES(9,2,8697722038606,TO_DATE('10-DEC-2017','DD-MON-YYYY'),21);
INSERT INTO ISTAKEN VALUES(10,4,8699546090068,TO_DATE('10-DEC-2017','DD-MON-YYYY'),8);
INSERT INTO ISTAKEN VALUES(11,3,8699559210033,TO_DATE('10-DEC-2017','DD-MON-YYYY'),18);
INSERT INTO ISTAKEN VALUES(12,4,8699527574389,TO_DATE('10-DEC-2017','DD-MON-YYYY'),28);
INSERT INTO ISTAKEN VALUES(13,1,8699527575300,TO_DATE('9-DEC-2017','DD-MON-YYYY'),15);
INSERT INTO ISTAKEN VALUES(14,3,8699527575287,TO_DATE('9-DEC-2017','DD-MON-YYYY'),15);
INSERT INTO ISTAKEN VALUES(15,2,8699540040168,TO_DATE('9-DEC-2017','DD-MON-YYYY'),18);
INSERT INTO ISTAKEN VALUES(16,5,8699786520028,TO_DATE('9-DEC-2017','DD-MON-YYYY'),23);
INSERT INTO ISTAKEN VALUES(17,3,8699786520011,TO_DATE('9-DEC-2017','DD-MON-YYYY'),15);
INSERT INTO ISTAKEN VALUES(18,5,8699540040151,TO_DATE('9-DEC-2017','DD-MON-YYYY'),15);
INSERT INTO ISTAKEN VALUES(19,3,8692241023126,TO_DATE('9-DEC-2017','DD-MON-YYYY'),12);
INSERT INTO ISTAKEN VALUES(20,3,8680833010173,TO_DATE('9-DEC-2017','DD-MON-YYYY'),15);
INSERT INTO ISTAKEN VALUES(21,6,8710103552628,TO_DATE('9-DEC-2017','DD-MON-YYYY'),14);
INSERT INTO ISTAKEN VALUES(22,4,8699745006815,TO_DATE('9-DEC-2017','DD-MON-YYYY'),15);
INSERT INTO ISTAKEN VALUES(23,3,8699569090021,TO_DATE('9-DEC-2017','DD-MON-YYYY'),16);
INSERT INTO ISTAKEN VALUES(24,2,8697901150457,TO_DATE('9-DEC-2017','DD-MON-YYYY'),13);
INSERT INTO ISTAKEN VALUES(25,1,6544449000340,TO_DATE('9-DEC-2017','DD-MON-YYYY'),16);
INSERT INTO ISTAKEN VALUES(26,3,8699708751530,TO_DATE('9-DEC-2017','DD-MON-YYYY'),15);
INSERT INTO ISTAKEN VALUES(27,3,9062300120506,TO_DATE('9-DEC-2017','DD-MON-YYYY'),19);
INSERT INTO ISTAKEN VALUES(28,4,6729357900510,TO_DATE('9-DEC-2017','DD-MON-YYYY'),15);
INSERT INTO ISTAKEN VALUES(29,3,8699535890037,TO_DATE('9-DEC-2017','DD-MON-YYYY'),18);
INSERT INTO ISTAKEN VALUES(30,6,8699552030089,TO_DATE('9-DEC-2017','DD-MON-YYYY'),15);
INSERT INTO ISTAKEN VALUES(31,3,8681094020437,TO_DATE('9-DEC-2017','DD-MON-YYYY'),17);
INSERT INTO ISTAKEN VALUES(32,1,8699976020864,TO_DATE('9-DEC-2017','DD-MON-YYYY'),15);
INSERT INTO ISTAKEN VALUES(33,3,8699510611107,TO_DATE('9-DEC-2017','DD-MON-YYYY'),13);
INSERT INTO ISTAKEN VALUES(34,3,8693239221159,TO_DATE('9-DEC-2017','DD-MON-YYYY'),15);
INSERT INTO ISTAKEN VALUES(35,2,8699532351869,TO_DATE('9-DEC-2017','DD-MON-YYYY'),14);
INSERT INTO ISTAKEN VALUES(36,3,8699514090939,TO_DATE('9-DEC-2017','DD-MON-YYYY'),15);
INSERT INTO ISTAKEN VALUES(37,2,8699514096382,TO_DATE('9-DEC-2017','DD-MON-YYYY'),16);
INSERT INTO ISTAKEN VALUES(38,3,8699514090922,TO_DATE('9-DEC-2017','DD-MON-YYYY'),11);
INSERT INTO ISTAKEN VALUES(39,3,8699514096375,TO_DATE('19-MAR-2017','DD-MON-YYYY'),13);
INSERT INTO ISTAKEN VALUES(40,4,8699514090199,TO_DATE('9-DEC-2017','DD-MON-YYYY'),15);
INSERT INTO ISTAKEN VALUES(41,3,8699514091837,TO_DATE('19-MAR-2017','DD-MON-YYYY'),17);
INSERT INTO ISTAKEN VALUES(42,5,8699514091820,TO_DATE('19-MAR-2017','DD-MON-YYYY'),19);
INSERT INTO ISTAKEN VALUES(43,3,8699514091813,TO_DATE('19-MAR-2017','DD-MON-YYYY'),23);
INSERT INTO ISTAKEN VALUES(44,6,8699786770201,TO_DATE('19-MAR-2017','DD-MON-YYYY'),5);
INSERT INTO ISTAKEN VALUES(45,6,8699552030058,TO_DATE('19-MAR-2017','DD-MON-YYYY'),6);
INSERT INTO ISTAKEN VALUES(46,2,8697512322878,TO_DATE('19-MAR-2017','DD-MON-YYYY'),5);
INSERT INTO ISTAKEN VALUES(47,3,8699556691750,TO_DATE('19-MAR-2017','DD-MON-YYYY'),9);


CREATE TABLE  BUY 
   (	
    BUY_ID NUMBER NOT NULL ENABLE,
    PAT_ID NUMBER(11,0) NOT NULL ENABLE, 
	PRD_BARCODE NUMBER(13,0) NOT NULL ENABLE, 
	BUY_DATE DATE NOT NULL ENABLE, 
	BUY_AMOUNT NUMBER NOT NULL ENABLE,
    CONSTRAINT BUY_PK PRIMARY KEY (BUY_ID)
    USING INDEX  ENABLE
   );
   
ALTER TABLE  BUY ADD CONSTRAINT BUY_PAT_FK FOREIGN KEY (PAT_ID)
	  REFERENCES  PATIENT (PAT_ID) ENABLE;
      
ALTER TABLE  BUY ADD CONSTRAINT BUY_PRD_FK FOREIGN KEY (PRD_BARCODE)
	  REFERENCES  PRODUCT (PRD_BARCODE) ENABLE;


INSERT INTO BUY VALUES(1,12121278945,8699556691750,TO_DATE('7-DEC-2017','DD-MON-YYYY'),1);
INSERT INTO BUY VALUES(2,12121278945,8697512322878,TO_DATE('8-DEC-2017','DD-MON-YYYY'),1);
INSERT INTO BUY VALUES(3,23232345693,8699552030058,TO_DATE('5-DEC-2017','DD-MON-YYYY'),2);
INSERT INTO BUY VALUES(4,23232345693,8699786770201,TO_DATE('6-DEC-2017','DD-MON-YYYY'),1);
INSERT INTO BUY VALUES(5,23232345693,8693239221159,TO_DATE('10-DEC-2017','DD-MON-YYYY'),1);
INSERT INTO BUY VALUES(6,26842684225,8699265150012,TO_DATE('12-DEC-2017','DD-MON-YYYY'),2);
INSERT INTO BUY VALUES(7,14521452145,8699293043799,TO_DATE('5-DEC-2017','DD-MON-YYYY'),2);
INSERT INTO BUY VALUES(8,12121289568,8692241023126,TO_DATE('11-DEC-2017','DD-MON-YYYY'),2);
INSERT INTO BUY VALUES(9,56787926345,8697722038606,TO_DATE('13-DEC-2017','DD-MON-YYYY'),4);
INSERT INTO BUY VALUES(10,95868482801,8699786520028,TO_DATE('13-DEC-2017','DD-MON-YYYY'),2);
INSERT INTO BUY VALUES(11,46868925793,8699546027361,TO_DATE('17-DEC-2017','DD-MON-YYYY'),2);
INSERT INTO BUY VALUES(12,11234566352,8699552030058,TO_DATE('18-DEC-2017','DD-MON-YYYY'),5);
INSERT INTO BUY VALUES(13,78956348923,8699514091837,TO_DATE('17-DEC-2017','DD-MON-YYYY'),2);
INSERT INTO BUY VALUES(14,78454685231,8699514090922,TO_DATE('15-DEC-2017','DD-MON-YYYY'),2);
INSERT INTO BUY VALUES(15,12056489674,8699552030089,TO_DATE('14-DEC-2017','DD-MON-YYYY'),2);
INSERT INTO BUY VALUES(16,12121278946,8681094020437,TO_DATE('13-DEC-2017','DD-MON-YYYY'),2);
INSERT INTO BUY VALUES(17,10120245687,6729357900510,TO_DATE('11-DEC-2017','DD-MON-YYYY'),2);
INSERT INTO BUY VALUES(18,23564778945,8699514090199,TO_DATE('14-DEC-2017','DD-MON-YYYY'),2);


CREATE TABLE  CONTAIN 
   (	
        CONTAIN_ID NUMBER NOT NULL ENABLE,
        PRE_ID VARCHAR2(6) NOT NULL ENABLE, 
	    PRD_BARCODE NUMBER(13,0) NOT NULL ENABLE,
        CONSTRAINT CONTAIN_PK PRIMARY KEY (CONTAIN_ID)
        USING INDEX  ENABLE
   );
   
ALTER TABLE  CONTAIN ADD CONSTRAINT CONTAIN_PRE_FK FOREIGN KEY (PRE_ID)
	  REFERENCES  PRESCRIPTION (PRE_ID) ENABLE;
      
ALTER TABLE  CONTAIN ADD CONSTRAINT CONTAIN_PRD_FK FOREIGN KEY (PRD_BARCODE)
	  REFERENCES  PRODUCT (PRD_BARCODE) ENABLE;


INSERT INTO CONTAIN VALUES(1,'HF7768',8699556691750);
INSERT INTO CONTAIN VALUES(2,'HFBUH1',8699514091837);
INSERT INTO CONTAIN VALUES(3,'HFDDWT',8699293043799);
INSERT INTO CONTAIN VALUES(4,'HFK55L',8699786770201);
INSERT INTO CONTAIN VALUES(5,'HFKQ8D',8693239221159);
INSERT INTO CONTAIN VALUES(6,'HFL698',8699514091837);
INSERT INTO CONTAIN VALUES(7,'HFLIAD',8699514091837);
INSERT INTO CONTAIN VALUES(8,'HFLYYJ',8699514090199);
INSERT INTO CONTAIN VALUES(9,'HFM7D9',8697722038606);
INSERT INTO CONTAIN VALUES(10,'HFP920',8699552030058);
INSERT INTO CONTAIN VALUES(11,'HFS8JG',8699546027361);
INSERT INTO CONTAIN VALUES(12,'HFSRPN',8699786520028);
INSERT INTO CONTAIN VALUES(13,'HFTP1D',8699514091837);
INSERT INTO CONTAIN VALUES(14,'HFV6J6',8699514091837);
INSERT INTO CONTAIN VALUES(15,'HFVZN5',8699552030089);
INSERT INTO CONTAIN VALUES(16,'HFWLPX',8681094020437);
INSERT INTO CONTAIN VALUES(17,'HFXN5X',6729357900510);
INSERT INTO CONTAIN VALUES(18,'HG01CT',8699514090199);
INSERT INTO CONTAIN VALUES(19,'HG04S1',8699552030058);
INSERT INTO CONTAIN VALUES(20,'HGB9LM',8699552030058);
INSERT INTO CONTAIN VALUES(21,'HGC9MT',8697512322878);
INSERT INTO CONTAIN VALUES(22,'HGG03M',8699514090922);
INSERT INTO CONTAIN VALUES(23,'HGW45J',8699265150012);
INSERT INTO CONTAIN VALUES(24,'HGX69Y',8697722038606);
INSERT INTO CONTAIN VALUES(25,'HGX99W',8692241023126);
INSERT INTO CONTAIN VALUES(26,'HGX69Y',8699552030058);
INSERT INTO CONTAIN VALUES(27,'HGB9LM',8699786520028);


CREATE TABLE STOCK
   (	
        STOCK_ID NUMBER NOT NULL ENABLE,
        STOCK_AMOUNT_OF_PRODUCTS NUMBER NOT NULL ENABLE, 
        PRD_BARCODE NUMBER(13,0) NOT NULL ENABLE,
        CONSTRAINT STOCK_PK PRIMARY KEY (STOCK_ID)
        USING INDEX  ENABLE
   );
   
ALTER TABLE  STOCK ADD CONSTRAINT STOCK_FK FOREIGN KEY (PRD_BARCODE)
	  REFERENCES  PRODUCT (PRD_BARCODE) ENABLE;

INSERT INTO STOCK VALUES(1,21,8699546027361);
INSERT INTO STOCK VALUES(2,16,8699265150012);
INSERT INTO STOCK VALUES(3,10,8699265250026);
INSERT INTO STOCK VALUES(4,13,8699293043799);
INSERT INTO STOCK VALUES(5,25,8699525091147);
INSERT INTO STOCK VALUES(6,20,8690784131605);
INSERT INTO STOCK VALUES(7,19,8680881043505);
INSERT INTO STOCK VALUES(8,17,8699525095664);
INSERT INTO STOCK VALUES(9,17,8697722038606);
INSERT INTO STOCK VALUES(10,8,8699546090068);
INSERT INTO STOCK VALUES(11,18,8699559210033);
INSERT INTO STOCK VALUES(12,28,8699527574389);
INSERT INTO STOCK VALUES(13,15,8699527575300);
INSERT INTO STOCK VALUES(14,15,8699527575287);
INSERT INTO STOCK VALUES(15,18,8699540040168);
INSERT INTO STOCK VALUES(16,21,8699786520028);
INSERT INTO STOCK VALUES(17,15,8699786520011);
INSERT INTO STOCK VALUES(18,15,8699540040151);
INSERT INTO STOCK VALUES(19,10,8692241023126);
INSERT INTO STOCK VALUES(20,15,8680833010173);
INSERT INTO STOCK VALUES(21,14,8710103552628);
INSERT INTO STOCK VALUES(22,15,8699745006815);
INSERT INTO STOCK VALUES(23,16,8699569090021);
INSERT INTO STOCK VALUES(24,13,8697901150457);
INSERT INTO STOCK VALUES(25,16,6544449000340);
INSERT INTO STOCK VALUES(26,15,8699708751530);
INSERT INTO STOCK VALUES(27,19,9062300120506);
INSERT INTO STOCK VALUES(28,13,6729357900510);
INSERT INTO STOCK VALUES(29,18,8699535890037);
INSERT INTO STOCK VALUES(30,13,8699552030089);
INSERT INTO STOCK VALUES(31,15,8681094020437);
INSERT INTO STOCK VALUES(32,15,8699976020864);
INSERT INTO STOCK VALUES(33,13,8699510611107);
INSERT INTO STOCK VALUES(34,14,8693239221159);
INSERT INTO STOCK VALUES(35,14,8699532351869);
INSERT INTO STOCK VALUES(36,15,8699514090939);
INSERT INTO STOCK VALUES(37,16,8699514096382);
INSERT INTO STOCK VALUES(38,9,8699514090922);
INSERT INTO STOCK VALUES(39,13,8699514096375);
INSERT INTO STOCK VALUES(40,13,8699514090199);
INSERT INTO STOCK VALUES(41,15,8699514091837);
INSERT INTO STOCK VALUES(42,19,8699514091820);
INSERT INTO STOCK VALUES(43,23,8699514091813);
INSERT INTO STOCK VALUES(44,4,8699786770201);
INSERT INTO STOCK VALUES(45,2,8699552030058);
INSERT INTO STOCK VALUES(46,4,8697512322878);
INSERT INTO STOCK VALUES(47,8,8699556691750);